# RCC8 composition table as published on Wikipedia, for comparison only.
# Source: https://en.wikipedia.org/wiki/Region_connection_calculus revid 1366466711 (2026-07-28).
# Columns: r (A r B), s (B s C), relations t allowed between A and C, in RELS order.
r	s	result
dc	dc	dc,ec,po,eq,tpp,ntpp,tppi,ntppi
dc	ec	dc,ec,po,tpp,ntpp
dc	po	dc,ec,po,tpp,ntpp
dc	eq	dc
dc	tpp	dc,ec,po,tpp,ntpp
dc	ntpp	dc,ec,po,tpp,ntpp
dc	tppi	dc
dc	ntppi	dc
ec	dc	dc,ec,po,tppi,ntppi
ec	ec	dc,ec,po,eq,tpp,tppi
ec	po	dc,ec,po,tpp,ntpp
ec	eq	ec
ec	tpp	ec,po,tpp,ntpp
ec	ntpp	po,tpp,ntpp
ec	tppi	dc,ec
ec	ntppi	dc
po	dc	dc,ec,po,tppi,ntppi
po	ec	dc,ec,po,tppi,ntppi
po	po	dc,ec,po,eq,tpp,ntpp,tppi,ntppi
po	eq	po
po	tpp	po,tpp,ntpp
po	ntpp	po,tpp,ntpp
po	tppi	dc,ec,po,tppi,ntppi
po	ntppi	dc,ec,po,tppi,ntppi
eq	dc	dc
eq	ec	ec
eq	po	po
eq	eq	eq
eq	tpp	tpp
eq	ntpp	ntpp
eq	tppi	tppi
eq	ntppi	ntppi
tpp	dc	dc
tpp	ec	dc,ec
tpp	po	dc,ec,po,tpp,ntpp
tpp	eq	tpp
tpp	tpp	tpp,ntpp
tpp	ntpp	ntpp
tpp	tppi	dc,ec,po,eq,tpp,tppi
tpp	ntppi	dc,ec,po,tppi,ntppi
ntpp	dc	dc
ntpp	ec	dc
ntpp	po	dc,ec,po,tpp,ntpp
ntpp	eq	ntpp
ntpp	tpp	ntpp
ntpp	ntpp	ntpp
ntpp	tppi	dc,ec,po,tpp,ntpp
ntpp	ntppi	dc,ec,po,eq,tpp,ntpp,tppi,ntppi
tppi	dc	dc,ec,po,tppi,ntppi
tppi	ec	ec,po,tppi,ntppi
tppi	po	po,tppi,ntppi
tppi	eq	tppi
tppi	tpp	po,eq,tpp,tppi
tppi	ntpp	po,tpp,ntpp
tppi	tppi	tppi,ntppi
tppi	ntppi	ntppi
ntppi	dc	dc,ec,po,tppi,ntppi
ntppi	ec	po,tppi,ntppi
ntppi	po	po,tppi,ntppi
ntppi	eq	ntppi
ntppi	tpp	po,tppi,ntppi
ntppi	ntpp	po,eq,tpp,ntpp,tppi,ntppi
ntppi	tppi	ntppi
ntppi	ntppi	ntppi
